feature,importance
combined_avg_score,0.1331910975444617
inset_avg_score,0.06826326698630611
inset_total_score,0.05915393124981622
sentiwords_avg_score,0.03874858899770172
inset_polarity_ratio,0.03678949185255653
sentiwords_total_score,0.0365807704820864
senti_polarity_ratio,0.03653439163892278
sentiment_word_ratio,0.017105020054202284
lexicon_agreement,0.01579577402783
senti_pos_count,0.013468916417600476
senti_neg_count,0.012768565206185653
inset_word_count,0.011781628522287741
total_sentiment_words,0.011588821378442204
inset_neg_count,0.009593808358662735
inset_pos_count,0.009252731055335027
sentiwords_word_count,0.00906445597041261
bert_dim_130,0.004928278286109723
bert_dim_519,0.004146995015178632
bert_dim_65,0.003960385871008787
bert_dim_47,0.0035621950687026644
bert_dim_77,0.0032021281701439617
bert_dim_246,0.0029953589704864534
bert_dim_729,0.0027470344016598176
bert_dim_196,0.0026475486947418535
bert_dim_252,0.002557940567543236
bert_dim_620,0.002287656995599386
bert_dim_304,0.0022464995872348947
bert_dim_688,0.0022197476069977093
bert_dim_566,0.002084995205956408
bert_dim_614,0.0020352428376075224
bert_dim_421,0.0019430466924478017
bert_dim_375,0.0018810816501428206
bert_dim_428,0.0018481354545672845
bert_dim_133,0.001829361135041932
bert_dim_194,0.0017360809844294588
bert_dim_644,0.0017152997605683045
bert_dim_248,0.0016816810765816037
bert_dim_499,0.001673360851287096
bert_dim_412,0.0016558093747249532
bert_dim_577,0.0016001727233996043
bert_dim_160,0.0015828841443413246
bert_dim_88,0.0015666018676276472
bert_dim_135,0.0015620480974237504
bert_dim_422,0.0014475039669774943
bert_dim_96,0.0014201195702951252
bert_dim_381,0.0013946552501406422
bert_dim_623,0.001364341591571213
bert_dim_584,0.0013469264221844797
bert_dim_494,0.00134578814007319
bert_dim_66,0.0013324898081448603
bert_dim_586,0.0013203797804655232
bert_dim_189,0.0013158283664236171
bert_dim_250,0.0012752908032768546
bert_dim_260,0.0012663293173571857
bert_dim_362,0.0012578159115701883
bert_dim_182,0.0012574177290651373
bert_dim_277,0.001254860090808787
bert_dim_598,0.0011960377681954353
bert_dim_224,0.0011554384805208672
bert_dim_580,0.0011494321263442971
bert_dim_152,0.0011480946002077816
bert_dim_220,0.001123682636894302
bert_dim_120,0.0011131726780778414
bert_dim_193,0.0011099422782172878
bert_dim_85,0.0010945693578402196
bert_dim_281,0.0010861312785522964
bert_dim_438,0.0010845277094140367
bert_dim_155,0.0010827364669093776
bert_dim_759,0.001060689920503657
bert_dim_181,0.0010596690733960846
bert_dim_54,0.00105749933228041
bert_dim_667,0.0010551881152766854
bert_dim_635,0.001042161521226403
bert_dim_244,0.0010332475378210001
bert_dim_672,0.001024924075746699
bert_dim_511,0.0010231495614419646
bert_dim_32,0.0009958505108714954
bert_dim_739,0.0009928198923532883
bert_dim_145,0.0009927944897357552
bert_dim_585,0.0009923354241684766
bert_dim_359,0.0009587056283812673
bert_dim_697,0.0009575141389185134
bert_dim_695,0.0009487161671522201
bert_dim_552,0.0009458610833446439
bert_dim_677,0.0009356603771027715
bert_dim_497,0.0009303822823047287
bert_dim_229,0.0009231150567950363
bert_dim_39,0.000917428921698628
bert_dim_270,0.0009158056599277098
bert_dim_588,0.0009110281694079492
bert_dim_255,0.0009058561013434007
bert_dim_568,0.0009040877476557056
bert_dim_259,0.0008946372901606586
bert_dim_23,0.0008933033534692014
bert_dim_37,0.0008874131918523616
bert_dim_382,0.0008829087717056883
bert_dim_743,0.0008816207994828291
bert_dim_649,0.0008798004345354276
bert_dim_296,0.0008723961358955953
bert_dim_409,0.0008681254183493294
bert_dim_476,0.000867533484843304
bert_dim_240,0.0008639823256244474
bert_dim_9,0.0008555812649328823
bert_dim_591,0.0008549034841187439
bert_dim_275,0.0008433526409066067
bert_dim_407,0.0008384874315838896
bert_dim_716,0.0008382134256305055
bert_dim_658,0.0008354550527620187
bert_dim_459,0.0008340314836953452
bert_dim_16,0.0008306597267801694
bert_dim_740,0.0008278436224087804
bert_dim_55,0.0008271311615851172
bert_dim_287,0.0008262122797067149
bert_dim_299,0.0008215076451687613
bert_dim_439,0.0008183662224089768
bert_dim_105,0.0008171803532236853
bert_dim_301,0.0008138726652551111
bert_dim_498,0.0008134570659132345
bert_dim_687,0.0008128998844132247
bert_dim_563,0.0008106513241010907
bert_dim_78,0.0008091432867565992
bert_dim_524,0.000808518959292776
bert_dim_489,0.0008065672153140519
bert_dim_410,0.0007972791709440954
bert_dim_679,0.0007908157964073713
bert_dim_377,0.0007906763275910626
bert_dim_678,0.0007827803258408518
bert_dim_48,0.00078245784957445
bert_dim_107,0.0007817596667645076
bert_dim_471,0.0007779061436667238
bert_dim_609,0.000777899331895023
bert_dim_480,0.000775981482678993
bert_dim_92,0.0007759263168012848
bert_dim_279,0.0007703697381284805
bert_dim_719,0.0007653552833525074
bert_dim_76,0.0007638046803406594
bert_dim_558,0.0007573862701295309
bert_dim_321,0.0007561506749868628
bert_dim_61,0.0007546586375750181
bert_dim_357,0.0007536124752282961
bert_dim_219,0.0007531819719489229
bert_dim_253,0.0007493645710413343
bert_dim_666,0.0007483707772181243
bert_dim_705,0.0007438582416372903
bert_dim_414,0.0007428969966795249
bert_dim_456,0.0007408401926741262
bert_dim_463,0.0007402437795939887
bert_dim_225,0.0007401231664252243
bert_dim_291,0.0007377849057833169
bert_dim_379,0.0007366494005096027
bert_dim_503,0.0007357761456228704
bert_dim_767,0.0007356118230282738
bert_dim_332,0.0007293125757588684
bert_dim_172,0.000725426584344187
bert_dim_502,0.0007248194846002459
bert_dim_460,0.0007234369133146977
bert_dim_583,0.0007229070085595066
bert_dim_41,0.0007224963798350787
bert_dim_44,0.0007188771211482575
bert_dim_734,0.0007159494249642367
bert_dim_652,0.0007145201023513648
bert_dim_170,0.0007138849560716992
bert_dim_300,0.0007121011614424554
bert_dim_513,0.0007117979975016335
bert_dim_139,0.0007111937207752042
bert_dim_703,0.000709087560841088
bert_dim_601,0.0007079155442529484
bert_dim_214,0.0007078233248664001
bert_dim_268,0.0007075130422531808
bert_dim_50,0.000707330194034032
bert_dim_710,0.0007048928784334809
bert_dim_653,0.0007031906838637428
bert_dim_102,0.0007023544549028191
bert_dim_589,0.0007003382192744506
bert_dim_535,0.0006983742822163935
bert_dim_198,0.0006968713264682841
bert_dim_356,0.0006962793517696557
bert_dim_562,0.0006960459740185229
bert_dim_416,0.0006932017660993398
bert_dim_340,0.0006893601982307265
bert_dim_3,0.0006880956632898355
bert_dim_446,0.0006876298583991472
bert_dim_469,0.0006862859273873342
bert_dim_390,0.0006817510409997807
bert_dim_331,0.0006816561571857053
bert_dim_506,0.0006812326621638
bert_dim_458,0.0006800414966011846
bert_dim_597,0.0006770951006935282
bert_dim_600,0.0006718099750279437
bert_dim_512,0.0006705640159247718
bert_dim_305,0.0006699488971150724
bert_dim_522,0.0006696360062245489
bert_dim_546,0.0006688061766248184
bert_dim_417,0.0006684361676419417
bert_dim_602,0.000668211945549894
bert_dim_46,0.0006672003452704229
bert_dim_722,0.0006665924743957302
bert_dim_234,0.000666424627098267
bert_dim_188,0.0006654865575866232
bert_dim_713,0.0006627408728389708
bert_dim_613,0.0006620312560615067
bert_dim_641,0.0006616119115101535
bert_dim_514,0.0006592316010465447
bert_dim_487,0.0006591041121740458
bert_dim_575,0.00065698354283173
bert_dim_286,0.0006562902680981826
bert_dim_45,0.0006552404699676963
bert_dim_646,0.0006545496728630974
bert_dim_292,0.0006541283099116545
bert_dim_212,0.0006533070250745201
bert_dim_330,0.0006522347248236992
bert_dim_676,0.0006509531142706627
bert_dim_549,0.0006507883832939215
bert_dim_167,0.0006505902716264977
bert_dim_355,0.0006505843161718198
bert_dim_0,0.000650507330256374
bert_dim_60,0.0006474981795172088
bert_dim_33,0.000647371455484957
bert_dim_565,0.0006446303309362892
bert_dim_242,0.0006441922497737206
bert_dim_488,0.0006432715266808665
bert_dim_320,0.0006417412666051822
bert_dim_211,0.0006398359635005312
bert_dim_148,0.0006396806891216544
bert_dim_262,0.0006395949025209418
bert_dim_57,0.0006387095667967775
bert_dim_395,0.0006358202358448761
bert_dim_215,0.0006347326803221708
bert_dim_391,0.0006341099915951671
bert_dim_175,0.0006336922785249929
bert_dim_257,0.0006312696122236953
bert_dim_539,0.0006304444718878356
bert_dim_4,0.0006301430233222278
bert_dim_97,0.0006300438972681347
bert_dim_35,0.0006299282742753256
bert_dim_725,0.0006283201661680733
bert_dim_606,0.000627340609629407
bert_dim_144,0.0006270260007295585
bert_dim_751,0.0006263014578142997
bert_dim_534,0.0006255807489293655
bert_dim_704,0.0006233711822255403
bert_dim_195,0.0006222941620023517
bert_dim_385,0.0006209920882185872
bert_dim_200,0.0006205915803556077
bert_dim_329,0.0006194657021255488
bert_dim_561,0.0006194089221924976
bert_dim_190,0.0006188490130271598
bert_dim_280,0.0006171138677349942
bert_dim_647,0.000616860388632737
bert_dim_465,0.0006159644941137612
bert_dim_387,0.0006157890563371168
bert_dim_159,0.0006157135640719773
bert_dim_38,0.0006138913622205926
bert_dim_400,0.000613183035907829
bert_dim_750,0.0006128001132044321
bert_dim_119,0.000611840256560216
bert_dim_550,0.0006085383378193304
bert_dim_626,0.0006083801049842087
bert_dim_468,0.0006077085380356674
bert_dim_507,0.0006062461530257307
bert_dim_607,0.0006061324018582784
bert_dim_180,0.0006052834020387987
bert_dim_75,0.0006048201447108647
bert_dim_670,0.0006008749251259089
bert_dim_689,0.000600830655454286
bert_dim_663,0.0006000167777612047
bert_dim_258,0.0005997321983368811
bert_dim_675,0.0005980983990157044
bert_dim_603,0.0005976242624834402
bert_dim_696,0.0005963091506680328
bert_dim_479,0.0005961695192522149
bert_dim_19,0.0005946670041386603
bert_dim_339,0.0005942737710627891
bert_dim_118,0.0005926768469918856
bert_dim_376,0.0005925197199509812
bert_dim_327,0.00059166806202754
bert_dim_317,0.0005896690467990146
bert_dim_53,0.0005875083479760865
bert_dim_521,0.0005870029186177282
bert_dim_205,0.0005869404909030897
bert_dim_529,0.0005867719887020157
bert_dim_721,0.0005867179204924511
bert_dim_360,0.0005867083416991336
bert_dim_573,0.0005866100679260526
bert_dim_372,0.0005860274324187531
bert_dim_112,0.0005854473764122414
bert_dim_461,0.0005845423683216438
bert_dim_251,0.000584430098335071
bert_dim_581,0.0005839172708924092
bert_dim_132,0.0005837105652374257
bert_dim_434,0.0005812620345575179
bert_dim_618,0.0005810339874174441
bert_dim_587,0.0005807370844936663
bert_dim_482,0.0005802643465962767
bert_dim_445,0.0005798900263300077
bert_dim_523,0.0005789303145508432
bert_dim_640,0.0005787111771172145
bert_dim_165,0.0005786785582947709
bert_dim_143,0.0005786141920478088
bert_dim_293,0.0005784829203906766
bert_dim_163,0.0005777556482390043
bert_dim_493,0.0005755995132876535
bert_dim_213,0.0005754604671857051
bert_dim_361,0.0005740120745828294
bert_dim_636,0.0005727700673154653
bert_dim_475,0.0005722871291621984
bert_dim_261,0.0005718431655611343
bert_dim_347,0.000571800187526569
bert_dim_100,0.0005703271108829728
bert_dim_448,0.0005699290059726233
bert_dim_473,0.0005692952493835897
bert_dim_95,0.0005680404914485399
bert_dim_6,0.0005667593727784442
bert_dim_202,0.0005667253393239576
bert_dim_218,0.0005663882934726508
bert_dim_727,0.000565645678849351
bert_dim_500,0.000565004613772726
bert_dim_399,0.0005631640293919818
bert_dim_179,0.0005623273511279133
bert_dim_418,0.0005619330030958877
bert_dim_661,0.0005614526134197568
bert_dim_310,0.0005604712282778259
bert_dim_427,0.0005604406962100606
bert_dim_210,0.0005602829621909175
bert_dim_71,0.0005599068487393859
bert_dim_402,0.0005597694132052184
bert_dim_157,0.0005572174571830263
bert_dim_510,0.0005568783202359009
bert_dim_203,0.0005564954743296691
bert_dim_592,0.0005559373891712185
bert_dim_18,0.0005529498218244587
bert_dim_429,0.0005523172899103194
bert_dim_684,0.0005515617192310526
bert_dim_345,0.0005513309295428321
bert_dim_701,0.0005508564911369785
bert_dim_398,0.0005506444566128799
bert_dim_462,0.0005505707602153777
bert_dim_142,0.0005501405073598647
bert_dim_230,0.0005499097581824948
bert_dim_578,0.0005485327166157976
bert_dim_348,0.0005474799459495221
bert_dim_700,0.0005471438371274394
bert_dim_30,0.0005470510011893582
bert_dim_247,0.0005470061741243439
bert_dim_572,0.0005468254443985247
bert_dim_313,0.0005467322080359002
bert_dim_263,0.0005461591686317267
bert_dim_405,0.0005453480356676068
bert_dim_10,0.0005449866523260915
bert_dim_706,0.0005440478058028685
bert_dim_388,0.0005435018228558657
bert_dim_742,0.0005434601758875992
bert_dim_413,0.0005434508611663362
bert_dim_83,0.0005401771749472157
bert_dim_272,0.0005395845643178732
bert_dim_569,0.0005386305979843634
bert_dim_110,0.0005385217046567441
bert_dim_593,0.0005377649348338
bert_dim_273,0.0005377549337129984
bert_dim_403,0.0005364458160261074
bert_dim_501,0.00053604550651088
bert_dim_116,0.0005353464113561319
bert_dim_351,0.0005343887551270918
bert_dim_128,0.0005333106231375434
bert_dim_610,0.0005331874839252087
bert_dim_426,0.0005328982344333821
bert_dim_662,0.0005327079731497729
bert_dim_380,0.0005319983757855894
bert_dim_334,0.0005312603696003539
bert_dim_709,0.000531205874444963
bert_dim_264,0.0005307983744181695
bert_dim_538,0.0005299721371200178
bert_dim_256,0.000529855794643369
bert_dim_51,0.0005296341460493927
bert_dim_344,0.0005296247905331533
bert_dim_531,0.0005294010777358393
bert_dim_208,0.000528932767312652
bert_dim_90,0.0005282782039472977
bert_dim_655,0.0005282085448997022
bert_dim_134,0.0005276730144730294
bert_dim_14,0.0005272544621086806
bert_dim_699,0.0005267636208659411
bert_dim_123,0.0005264412782795395
bert_dim_594,0.0005263800888491915
bert_dim_621,0.0005261690060847193
bert_dim_442,0.0005260640483150769
bert_dim_472,0.0005243219414281412
bert_dim_80,0.0005240927852238916
bert_dim_668,0.0005237420939315864
bert_dim_762,0.00052325786994493
bert_dim_176,0.0005228575415337866
bert_dim_121,0.0005227853769014386
bert_dim_311,0.0005227843440540308
bert_dim_632,0.0005225373586037574
bert_dim_222,0.000522354024073528
bert_dim_383,0.0005223505530341189
bert_dim_82,0.0005214197946934594
bert_dim_127,0.0005206891394590856
bert_dim_657,0.0005200235142837322
bert_dim_147,0.0005192018168098374
bert_dim_26,0.0005181760744016685
bert_dim_267,0.0005180781451707942
bert_dim_611,0.0005173524259062378
bert_dim_108,0.0005172379099285764
bert_dim_58,0.0005171810137348899
bert_dim_328,0.0005163800485329458
bert_dim_352,0.0005163516316229799
bert_dim_659,0.0005152032704409808
bert_dim_622,0.0005148437456364494
bert_dim_249,0.0005146010561454911
bert_dim_401,0.0005143050400631387
bert_dim_757,0.0005131666332612233
bert_dim_146,0.0005130551005927252
bert_dim_297,0.0005129304872181167
bert_dim_243,0.0005117771070847937
bert_dim_548,0.0005116651349568288
bert_dim_582,0.0005109980242552175
bert_dim_604,0.0005106555219772516
bert_dim_393,0.0005102995352622582
bert_dim_486,0.0005100931586173377
bert_dim_634,0.0005098886649310899
bert_dim_1,0.0005097936129187689
bert_dim_683,0.0005091502636641568
bert_dim_52,0.0005083071339204423
bert_dim_509,0.0005078282715875083
bert_dim_265,0.0005072089262672894
bert_dim_477,0.0005069635553478028
bert_dim_490,0.0005063797564708685
bert_dim_101,0.0005057649962299084
bert_dim_150,0.000504996207469568
bert_dim_338,0.0005039194771206083
bert_dim_520,0.0005035751376290768
bert_dim_554,0.0005034623082738315
bert_dim_254,0.0005020116354861824
bert_dim_137,0.0005016025315883275
bert_dim_708,0.0005014803942917372
bert_dim_319,0.0004997102552953249
bert_dim_125,0.0004995891367990467
bert_dim_680,0.0004995188935094081
bert_dim_42,0.000498891567345736
bert_dim_665,0.0004987192970183756
bert_dim_730,0.0004981269908595729
bert_dim_619,0.0004978667211279487
bert_dim_171,0.0004968701529531554
bert_dim_342,0.0004964357168199698
bert_dim_692,0.0004957198886342622
bert_dim_370,0.0004954775077212235
bert_dim_746,0.0004950155759949195
bert_dim_415,0.0004948528130128437
bert_dim_221,0.0004941371446441802
bert_dim_425,0.0004940658307163103
bert_dim_373,0.0004939390670515786
bert_dim_207,0.0004935477950893638
bert_dim_495,0.0004932616507066366
bert_dim_106,0.0004922453478230698
bert_dim_91,0.0004919186838224618
bert_dim_20,0.0004919023107726472
bert_dim_728,0.0004909254418810577
bert_dim_525,0.0004906711121058433
bert_dim_645,0.0004904705887061621
bert_dim_27,0.000490228406854429
bert_dim_450,0.0004900846627011041
bert_dim_764,0.0004890679244373356
bert_dim_384,0.0004889598017009285
bert_dim_685,0.0004887361963858892
bert_dim_542,0.0004882665260308258
bert_dim_474,0.0004880156679358018
bert_dim_64,0.00048782050693904345
bert_dim_241,0.00048675229887259493
bert_dim_228,0.00048618207494738184
bert_dim_433,0.0004852654111889125
bert_dim_693,0.00048525207154046857
bert_dim_638,0.0004851090159803886
bert_dim_394,0.0004847088665026655
bert_dim_337,0.0004843315378011417
bert_dim_266,0.000484209420813755
bert_dim_335,0.0004832837225201831
bert_dim_369,0.00048294193815957224
bert_dim_444,0.00048234575551796944
bert_dim_131,0.00048191877007808617
bert_dim_530,0.0004818425242219862
bert_dim_571,0.00048018616862522594
bert_dim_754,0.0004799197475203462
bert_dim_483,0.00047990630331301343
bert_dim_149,0.00047941970137001916
bert_dim_68,0.00047939976484382736
bert_dim_204,0.0004784453621108327
bert_dim_21,0.00047808358516265983
bert_dim_702,0.00047797495999245515
bert_dim_715,0.00047792367633732815
bert_dim_560,0.00047594394895379217
bert_dim_363,0.00047592096992666205
bert_dim_420,0.0004752038428135893
bert_dim_294,0.0004746064396136351
bert_dim_368,0.0004745673414415877
bert_dim_138,0.0004744257097160766
bert_dim_747,0.00047424465133630924
bert_dim_541,0.00047390532727930923
bert_dim_467,0.000473877664083479
bert_dim_761,0.0004734896352429139
bert_dim_386,0.00047339222251648256
bert_dim_166,0.0004727784826332281
bert_dim_184,0.000472770453993178
bert_dim_98,0.00047167461452872337
bert_dim_517,0.0004716562706848256
bert_dim_111,0.0004711871392593485
bert_dim_154,0.0004708253153891182
bert_dim_226,0.0004706150446578527
bert_dim_206,0.00047049759672949145
bert_dim_664,0.0004702929904664331
bert_dim_631,0.0004696965441029533
bert_dim_423,0.0004694953317840166
bert_dim_104,0.0004691380374036275
bert_dim_455,0.0004690602080537881
bert_dim_547,0.0004687025623955057
bert_dim_70,0.0004685961433255957
bert_dim_306,0.0004684335327734397
bert_dim_590,0.00046795101909383185
bert_dim_551,0.0004678812663388727
bert_dim_690,0.00046754646958203396
bert_dim_673,0.0004668791736306728
bert_dim_466,0.00046591997807422575
bert_dim_617,0.00046588966871356357
bert_dim_555,0.0004648501142243698
bert_dim_36,0.00046471600807560773
bert_dim_625,0.00046449531102433014
bert_dim_449,0.000464433229206928
bert_dim_303,0.0004642131777774159
bert_dim_156,0.0004640726097356912
bert_dim_691,0.00046373554921300304
bert_dim_232,0.0004634672869615188
bert_dim_516,0.00046268839038898156
bert_dim_671,0.0004623215367883325
bert_dim_354,0.00046194181156708643
bert_dim_608,0.00046044298134088153
bert_dim_648,0.0004602564049502507
bert_dim_8,0.00045950872723424615
bert_dim_681,0.0004593457333851995
bert_dim_326,0.00045919575389904895
bert_dim_284,0.0004591358620730308
bert_dim_441,0.0004589002307434191
bert_dim_686,0.0004586216607797952
bert_dim_447,0.0004578995767675263
bert_dim_177,0.0004578116477038908
bert_dim_559,0.0004574920959736072
bert_dim_674,0.0004573642870988799
bert_dim_343,0.00045671958630810934
bert_dim_443,0.00045647986512286774
bert_dim_735,0.00045564019508118715
bert_dim_12,0.0004545843027807448
bert_dim_737,0.0004545794921100857
bert_dim_199,0.0004544522443873214
bert_dim_126,0.00045394634385515674
bert_dim_616,0.0004538567430907075
bert_dim_333,0.00045331700823016385
bert_dim_366,0.0004530848652412804
bert_dim_432,0.0004521479212557663
bert_dim_191,0.00045149291752786375
bert_dim_283,0.00045114545751745656
bert_dim_599,0.00045098082388673186
bert_dim_109,0.00045058849192038423
bert_dim_633,0.0004498765363462761
bert_dim_223,0.0004489263626118996
bert_dim_543,0.00044793775695769377
bert_dim_115,0.0004476998699600647
bert_dim_129,0.00044763447175241125
bert_dim_216,0.0004467685808592983
bert_dim_187,0.0004463719966452621
bert_dim_295,0.0004453671287764687
bert_dim_404,0.0004452662878224743
bert_dim_15,0.0004451587674181926
bert_dim_478,0.0004447062091996235
bert_dim_86,0.00044437057672189493
bert_dim_712,0.00044374141621550585
bert_dim_711,0.00044176634861647603
bert_dim_365,0.0004412403699324297
bert_dim_290,0.000440677366594122
bert_dim_141,0.000440353395021431
bert_dim_736,0.0004403509258675399
bert_dim_464,0.0004399763788769412
bert_dim_556,0.0004397861860811685
bert_dim_323,0.0004392146531119544
bert_dim_396,0.0004386764234931606
bert_dim_723,0.00043865079107616834
bert_dim_738,0.0004385922673821893
bert_dim_74,0.00043823367249626154
bert_dim_186,0.00043771898891287886
bert_dim_481,0.0004367619940291988
bert_dim_350,0.00043641097196499306
bert_dim_153,0.00043537260377604273
bert_dim_271,0.00043537007509402315
bert_dim_367,0.00043536831845549634
bert_dim_162,0.00043426461686000867
bert_dim_56,0.00043369244880433013
bert_dim_217,0.0004336093188392261
bert_dim_79,0.00043359425187429576
bert_dim_158,0.0004327088216628865
bert_dim_307,0.00043203423766966984
bert_dim_11,0.0004319575847549372
bert_dim_24,0.00043184817639052857
bert_dim_528,0.00043178512012884065
bert_dim_492,0.0004312982960054338
bert_dim_731,0.0004306671304321947
bert_dim_579,0.00043059165351117483
bert_dim_553,0.00042970849324605695
bert_dim_630,0.0004296778603852054
bert_dim_236,0.00042964916340295734
bert_dim_114,0.00042943791625557094
bert_dim_140,0.00042899250153590276
bert_dim_744,0.0004281180239034115
bert_dim_567,0.0004279280640033463
bert_dim_315,0.0004277652191455555
bert_dim_437,0.0004275427365875331
bert_dim_103,0.0004263315661399928
bert_dim_758,0.0004259230054160049
bert_dim_537,0.00042499120009432435
bert_dim_505,0.00042498375211176494
bert_dim_718,0.0004241320616586301
bert_dim_726,0.00042393334153381575
bert_dim_452,0.0004230911041958687
bert_dim_31,0.00042299212292392193
bert_dim_2,0.0004219537616160617
bert_dim_454,0.00042045228536711235
bert_dim_324,0.0004204161124333746
bert_dim_298,0.00042036571703242575
bert_dim_169,0.0004201730101585808
bert_dim_682,0.00041897156331841673
bert_dim_197,0.00041881061268016564
bert_dim_753,0.0004188003304085695
bert_dim_349,0.0004186758531234296
bert_dim_99,0.00041867075002240746
bert_dim_94,0.00041798484729197057
bert_dim_724,0.00041771791905926837
bert_dim_752,0.00041771163346069636
bert_dim_117,0.0004166201499682846
bert_dim_174,0.00041651114796809036
bert_dim_763,0.00041626230202749517
bert_dim_440,0.0004159297911533119
bert_dim_756,0.0004159216835291994
bert_dim_308,0.0004156377438138361
bert_dim_49,0.0004149889540741046
bert_dim_615,0.0004146989168934098
bert_dim_628,0.00041412582926888327
bert_dim_73,0.00041349446009168375
bert_dim_669,0.00041310259014622116
bert_dim_745,0.00041261397290753485
bert_dim_63,0.00041249269512842496
bert_dim_431,0.0004117133739990572
bert_dim_183,0.00041114010150164666
bert_dim_278,0.0004108868475813711
bert_dim_654,0.00041046344520886984
bert_dim_336,0.0004104507846347419
bert_dim_358,0.0004097512687752195
bert_dim_17,0.00040974055087414097
bert_dim_491,0.0004097076230414642
bert_dim_643,0.0004095873547726433
bert_dim_424,0.0004091626550117228
bert_dim_285,0.00040905852165173105
bert_dim_411,0.0004090111495145693
bert_dim_760,0.00040854283532585793
bert_dim_526,0.00040762384018846846
bert_dim_40,0.0004071711219145638
bert_dim_557,0.00040644465661476316
bert_dim_185,0.00040573214436326923
bert_dim_656,0.00040542204110923246
bert_dim_496,0.0004052129509297639
bert_dim_755,0.00040466162769292553
bert_dim_624,0.0004034174145789322
bert_dim_540,0.00040332803385997325
bert_dim_274,0.0004032830373128095
bert_dim_627,0.0004028773326097447
bert_dim_720,0.00040274426570115635
bert_dim_733,0.00040245193891822183
bert_dim_93,0.000402128823352288
bert_dim_276,0.00040199209050906004
bert_dim_168,0.0004011065519118226
bert_dim_113,0.0003994480517272293
bert_dim_237,0.00039926719001338537
bert_dim_136,0.00039824696085859077
bert_dim_508,0.0003982223477664156
bert_dim_732,0.00039793482494722963
bert_dim_707,0.0003975611021776416
bert_dim_325,0.00039730127415071507
bert_dim_651,0.00039645308961491706
bert_dim_209,0.0003960624278472804
bert_dim_397,0.0003960103431432242
bert_dim_289,0.00039587040369303456
bert_dim_122,0.0003954802235952471
bert_dim_25,0.00039490954657670673
bert_dim_741,0.00039479643331765454
bert_dim_748,0.0003947439745493465
bert_dim_660,0.00039398209913747646
bert_dim_389,0.0003932040175013507
bert_dim_419,0.0003915455497230076
bert_dim_231,0.0003914416457483078
bert_dim_714,0.00039129627136811815
bert_dim_570,0.0003911909035803614
bert_dim_81,0.00039032160712904794
bert_dim_288,0.0003901971825900157
bert_dim_765,0.00039001988188028654
bert_dim_533,0.00038973751907493085
bert_dim_34,0.000389448185481663
bert_dim_5,0.000389008923449149
bert_dim_694,0.00038795071421174316
bert_dim_650,0.0003875843583788896
bert_dim_7,0.0003874816696291268
bert_dim_318,0.00038665400317791746
bert_dim_67,0.0003865289348880964
bert_dim_28,0.00038486529250199227
bert_dim_309,0.0003840528181368894
bert_dim_282,0.0003840431592753017
bert_dim_13,0.00038262894545445554
bert_dim_515,0.00038262843088449126
bert_dim_29,0.0003815923691576622
bert_dim_574,0.0003807998940504214
bert_dim_527,0.00038017252232236897
bert_dim_484,0.0003793674342397549
bert_dim_302,0.0003775194464607503
bert_dim_392,0.00037723894186902305
bert_dim_564,0.0003768278597396689
bert_dim_341,0.00037578427552093917
bert_dim_430,0.0003736805261726243
bert_dim_87,0.0003726804077947657
bert_dim_457,0.000369419944661262
bert_dim_245,0.00036926591841213326
bert_dim_316,0.0003692440470838207
bert_dim_544,0.0003662673070231434
bert_dim_238,0.00036214124840744686
bert_dim_518,0.00036029442766871857
bert_dim_178,0.00035699815523432255
bert_dim_532,0.00035272634603052816
bert_dim_227,0.00035026186277977355
bert_dim_43,0.0003483145148332455
bert_dim_173,0.00034801748180544965
bert_dim_239,0.0003477774664356591
bert_dim_576,0.0003467116446704272
bert_dim_353,0.0003452519160103493
bert_dim_605,0.0003428850698145776
bert_dim_596,0.0003387490804338133
bert_dim_346,0.00033690399085429396
bert_dim_470,0.00033643455943789085
bert_dim_235,0.0003363978365536197
bert_dim_89,0.0003350897887657693
bert_dim_378,0.0003349996335059399
bert_dim_451,0.0003342708979879435
bert_dim_62,0.00033384959638114656
bert_dim_698,0.0003331058915297979
bert_dim_637,0.00033206481589817766
bert_dim_314,0.0003312405453554625
bert_dim_374,0.0003297799752472642
bert_dim_408,0.000328728132374697
bert_dim_124,0.00032665942012972244
bert_dim_201,0.0003257799361416851
bert_dim_161,0.0003248925636098048
bert_dim_629,0.0003228244650733907
bert_dim_453,0.0003227491892742128
bert_dim_72,0.0003222518495636579
bert_dim_406,0.0003207854680771382
bert_dim_233,0.00032024892234449015
bert_dim_364,0.0003186562767472214
bert_dim_69,0.00031844356309929296
bert_dim_545,0.0003179993284300922
bert_dim_371,0.0003169903740874925
bert_dim_595,0.0003136442663544411
bert_dim_22,0.00030814835127318085
bert_dim_435,0.000308020220534981
bert_dim_749,0.00030732179287693034
bert_dim_269,0.00030512804934079203
bert_dim_192,0.0003041279171731776
bert_dim_536,0.00030169860538287386
bert_dim_151,0.0003013098206706993
bert_dim_436,0.0002968306460485932
bert_dim_59,0.00029513056323881204
bert_dim_164,0.00029269028494943044
bert_dim_504,0.0002885362766353364
bert_dim_639,0.00028773418540568044
bert_dim_642,0.0002848099241002094
bert_dim_322,0.0002802044930851417
bert_dim_612,0.0002780224011724631
bert_dim_84,0.00027747620366011484
bert_dim_485,0.00027025808320204774
bert_dim_766,0.00026954857693597663
bert_dim_717,0.0002600646924205492
bert_dim_312,0.00024157101947406233
